{"_runtime":83,"training loss":133.09188842773438,"_timestamp":1.76906101104074e+09,"_step":5,"_wandb":{"runtime":83}}