{"_runtime":50,"_step":1,"training loss":140.19741821289062,"_timestamp":1.769060794376495e+09,"_wandb":{"runtime":50}}